{"cameraMode":{"drawMode":0,"name":"Shaded","section":"Shading Mode"},"sceneLighting":true,"audioPlay":false,"sceneViewState":{"showFog":true,"showMaterialUpdate":false,"showSkybox":true,"showFlares":true,"showImageEffects":true,"showParticleSystems":true},"in2DMode":false,"pivot":{"x":-28.537586212158204,"y":-6.304985046386719,"z":22.196125030517579},"rotation":{"x":-0.08601163327693939,"y":0.8832986950874329,"z":-0.17887914180755616,"w":-0.42472073435783389},"size":71.33879089355469,"orthographic":false}