{"cameraMode":{"drawMode":0,"name":"Shaded","section":"Shading Mode"},"sceneLighting":true,"audioPlay":false,"sceneViewState":{"showFog":true,"showMaterialUpdate":false,"showSkybox":true,"showFlares":true,"showImageEffects":true,"showParticleSystems":true},"in2DMode":false,"pivot":{"x":0.016681700944900514,"y":6.842004299163818,"z":1.6655583381652833},"rotation":{"x":-0.0838596448302269,"y":-0.03138374537229538,"z":-0.0026424534153193237,"w":0.9959797859191895},"size":4.771029472351074,"orthographic":false}