{"cameraMode":{"drawMode":0,"name":"Shaded","section":"Shading Mode"},"sceneLighting":true,"audioPlay":false,"sceneViewState":{"showFog":true,"showMaterialUpdate":false,"showSkybox":true,"showFlares":true,"showImageEffects":true,"showParticleSystems":true},"in2DMode":false,"pivot":{"x":20.51551055908203,"y":3.396951198577881,"z":-0.1307615041732788},"rotation":{"x":-0.012095935642719269,"y":0.6800066232681274,"z":-0.011221105232834816,"w":-0.7330203652381897},"size":19.495080947875978,"orthographic":false}