{"cameraMode":{"drawMode":0,"name":"Shaded","section":"Shading Mode"},"sceneLighting":true,"audioPlay":false,"sceneViewState":{"showFog":true,"showMaterialUpdate":false,"showSkybox":true,"showFlares":true,"showImageEffects":true,"showParticleSystems":true},"in2DMode":false,"pivot":{"x":4.512514114379883,"y":-1.3380584716796876,"z":7.93290901184082},"rotation":{"x":-0.11839018762111664,"y":0.4568576514720917,"z":-0.06149935722351074,"w":-0.8794786334037781},"size":28.520549774169923,"orthographic":false}